,name,ccp,1,2,3,4,5,6,7,8,9,total_count,score,score_prop,practica
0,dzindrolo,chamane,14.0,3.0,1.0,0.0,2.0,1.0,0.0,0.0,0.0,21.0,171.0,20.188902007083826,apanhadores
1,dzisolo,chamane,0.0,1.0,0.0,0.0,0.0,0.0,0.0,0.0,0.0,1.0,8.0,0.9445100354191263,apanhadores
2,gihologo,chamane,0.0,1.0,1.0,1.0,0.0,0.0,0.0,0.0,0.0,3.0,21.0,2.479338842975207,apanhadores
3,gingave,chamane,0.0,3.0,0.0,4.0,0.0,3.0,1.0,0.0,0.0,11.0,63.0,7.43801652892562,apanhadores
4,giredenene,chamane,0.0,1.0,0.0,0.0,0.0,0.0,0.0,0.0,0.0,1.0,8.0,0.9445100354191263,apanhadores
5,makolo,chamane,1.0,0.0,3.0,2.0,0.0,1.0,0.0,0.0,0.0,7.0,46.0,5.430932703659976,apanhadores
6,mapalo,chamane,1.0,1.0,0.0,0.0,0.0,0.0,0.0,1.0,0.0,3.0,19.0,2.2432113341204247,apanhadores
7,marengue,chamane,0.0,0.0,1.0,0.0,0.0,2.0,1.0,0.0,0.0,4.0,18.0,2.125147579693034,apanhadores
8,masaba,chamane,1.0,0.0,0.0,0.0,0.0,0.0,0.0,0.0,0.0,1.0,9.0,1.062573789846517,apanhadores
9,matewo,chamane,2.0,3.0,6.0,2.0,2.0,0.0,1.0,0.0,0.0,16.0,109.0,12.868949232585598,apanhadores
10,mavandzi,chamane,7.0,4.0,0.0,1.0,2.0,0.0,1.0,0.0,1.0,16.0,115.0,13.57733175914994,apanhadores
11,mitifa,chamane,0.0,0.0,0.0,0.0,0.0,1.0,0.0,1.0,1.0,3.0,7.0,0.8264462809917356,apanhadores
12,mwahaha,chamane,0.0,0.0,0.0,2.0,0.0,0.0,0.0,0.0,0.0,2.0,12.0,1.4167650531286895,apanhadores
13,nhamuele,chamane,0.0,2.0,1.0,0.0,1.0,1.0,0.0,0.0,0.0,5.0,32.0,3.778040141676505,apanhadores
14,nhamunhe,chamane,1.0,1.0,0.0,1.0,0.0,1.0,0.0,0.0,0.0,4.0,27.0,3.187721369539551,apanhadores
15,nhanguedwa,chamane,1.0,0.0,0.0,0.0,0.0,0.0,1.0,0.0,0.0,2.0,12.0,1.4167650531286895,apanhadores
16,nhasastani,chamane,0.0,0.0,1.0,0.0,2.0,0.0,0.0,0.0,0.0,3.0,17.0,2.0070838252656436,apanhadores
17,nhatogue,chamane,0.0,1.0,0.0,0.0,1.0,0.0,0.0,0.0,0.0,2.0,13.0,1.5348288075560803,apanhadores
18,nvuma,chamane,0.0,0.0,2.0,0.0,3.0,0.0,1.0,1.0,0.0,7.0,34.0,4.014167650531287,apanhadores
19,togoma,chamane,1.0,5.0,2.0,3.0,1.0,0.0,0.0,0.0,0.0,12.0,86.0,10.15348288075561,apanhadores
20,tsanga,chamane,0.0,0.0,2.0,1.0,0.0,0.0,0.0,0.0,0.0,3.0,20.0,2.3612750885478158,apanhadores
21,dzindrolo,ilha,2.0,5.0,4.0,4.0,1.0,1.0,0.0,0.0,0.0,17.0,119.0,15.74074074074074,apanhadores
22,gihologo,ilha,0.0,0.0,0.0,0.0,0.0,0.0,1.0,0.0,0.0,1.0,3.0,0.3968253968253968,apanhadores
23,giralakhokho,ilha,0.0,0.0,0.0,0.0,0.0,1.0,0.0,0.0,0.0,1.0,4.0,0.5291005291005291,apanhadores
24,giredenene,ilha,0.0,0.0,0.0,0.0,0.0,0.0,0.0,0.0,0.0,0.0,0.0,0.0,apanhadores
25,honho,ilha,0.0,0.0,0.0,1.0,0.0,0.0,0.0,0.0,0.0,1.0,6.0,0.7936507936507936,apanhadores
26,mahoma,ilha,0.0,2.0,1.0,3.0,2.0,0.0,0.0,0.0,2.0,10.0,53.0,7.01058201058201,apanhadores
27,makolo,ilha,0.0,0.0,0.0,0.0,0.0,0.0,0.0,1.0,0.0,1.0,2.0,0.26455026455026454,apanhadores
28,mapalo,ilha,4.0,10.0,4.0,1.0,1.0,0.0,0.0,0.0,0.0,20.0,155.0,20.502645502645503,apanhadores
29,matewo,ilha,1.0,5.0,8.0,3.0,0.0,2.0,0.0,1.0,0.0,20.0,133.0,17.59259259259259,apanhadores
30,mavandzi,ilha,19.0,3.0,1.0,0.0,0.0,0.0,0.0,0.0,0.0,23.0,202.0,26.71957671957672,apanhadores
31,mavionho,ilha,0.0,0.0,0.0,1.0,0.0,0.0,0.0,0.0,0.0,1.0,6.0,0.7936507936507936,apanhadores
32,mihili,ilha,0.0,0.0,0.0,0.0,0.0,1.0,0.0,0.0,0.0,1.0,4.0,0.5291005291005291,apanhadores
33,nhakomi,ilha,0.0,0.0,0.0,0.0,0.0,0.0,0.0,0.0,1.0,1.0,1.0,0.13227513227513227,apanhadores
34,nhakusi,ilha,0.0,0.0,0.0,0.0,0.0,0.0,0.0,0.0,0.0,0.0,0.0,0.0,apanhadores
35,nhamunhe,ilha,0.0,1.0,0.0,1.0,3.0,1.0,0.0,1.0,0.0,7.0,35.0,4.62962962962963,apanhadores
36,nhasastani,ilha,0.0,0.0,0.0,1.0,1.0,1.0,0.0,0.0,0.0,3.0,15.0,1.984126984126984,apanhadores
37,nvuma,ilha,0.0,0.0,0.0,0.0,0.0,0.0,0.0,0.0,0.0,0.0,0.0,0.0,apanhadores
38,simbatsani,ilha,0.0,0.0,0.0,0.0,0.0,0.0,0.0,1.0,0.0,1.0,2.0,0.26455026455026454,apanhadores
39,togoma,ilha,0.0,0.0,0.0,1.0,1.0,0.0,1.0,1.0,0.0,4.0,16.0,2.1164021164021163,apanhadores
40,dzindrolo,josina_machel,3.0,0.0,1.0,1.0,0.0,0.0,0.0,0.0,0.0,5.0,40.0,19.607843137254903,apanhadores
41,mahoma,josina_machel,0.0,0.0,1.0,0.0,0.0,0.0,0.0,0.0,0.0,1.0,7.0,3.431372549019608,apanhadores
42,mapalo,josina_machel,1.0,2.0,4.0,0.0,1.0,0.0,0.0,0.0,0.0,8.0,58.0,28.431372549019606,apanhadores
43,matewo,josina_machel,4.0,2.0,1.0,2.0,0.0,0.0,0.0,0.0,0.0,9.0,71.0,34.80392156862745,apanhadores
44,mavandzi,josina_machel,0.0,1.0,1.0,0.0,0.0,0.0,0.0,0.0,0.0,2.0,15.0,7.352941176470589,apanhadores
45,nhamuele,josina_machel,0.0,0.0,0.0,1.0,0.0,0.0,0.0,0.0,0.0,1.0,6.0,2.941176470588235,apanhadores
46,nhamunhe,josina_machel,0.0,0.0,1.0,0.0,0.0,0.0,0.0,0.0,0.0,1.0,7.0,3.431372549019608,apanhadores
47,dzindrolo,madava,0.0,1.0,2.0,2.0,0.0,0.0,0.0,0.0,0.0,5.0,34.0,19.54022988505747,apanhadores
48,gihologo,madava,0.0,0.0,0.0,1.0,0.0,0.0,0.0,0.0,0.0,1.0,6.0,3.4482758620689653,apanhadores
49,gudua,madava,0.0,0.0,0.0,0.0,1.0,1.0,0.0,0.0,0.0,2.0,9.0,5.172413793103448,apanhadores
50,masaba,madava,0.0,0.0,0.0,0.0,0.0,1.0,0.0,0.0,0.0,1.0,4.0,2.2988505747126435,apanhadores
51,mavandzi,madava,5.0,2.0,0.0,0.0,0.0,0.0,0.0,0.0,0.0,7.0,61.0,35.05747126436782,apanhadores
52,mitifa,madava,1.0,0.0,0.0,0.0,0.0,0.0,0.0,0.0,0.0,1.0,9.0,5.172413793103448,apanhadores
53,nhakumbe,madava,0.0,0.0,0.0,0.0,0.0,0.0,0.0,1.0,0.0,1.0,2.0,1.1494252873563218,apanhadores
54,nhanguedwa,madava,1.0,3.0,0.0,0.0,1.0,1.0,1.0,0.0,1.0,8.0,46.0,26.436781609195403,apanhadores
55,nhatogue,madava,0.0,0.0,0.0,0.0,0.0,0.0,1.0,0.0,0.0,1.0,3.0,1.7241379310344827,apanhadores
56,dzindrolo,marrambone,4.0,0.0,1.0,0.0,0.0,0.0,0.0,0.0,0.0,5.0,43.0,26.543209876543212,apanhadores
57,mapalo,marrambone,0.0,0.0,1.0,0.0,0.0,0.0,0.0,0.0,0.0,1.0,7.0,4.320987654320987,apanhadores
58,matewo,marrambone,0.0,1.0,1.0,1.0,0.0,1.0,0.0,0.0,0.0,4.0,25.0,15.432098765432098,apanhadores
59,mavandzi,marrambone,1.0,2.0,0.0,0.0,2.0,0.0,0.0,0.0,0.0,5.0,35.0,21.604938271604937,apanhadores
60,nhamunhe,marrambone,0.0,0.0,0.0,2.0,2.0,1.0,0.0,0.0,0.0,5.0,26.0,16.049382716049383,apanhadores
61,nhasastani,marrambone,0.0,0.0,0.0,0.0,0.0,2.0,1.0,0.0,1.0,4.0,12.0,7.4074074074074066,apanhadores
62,togoma,marrambone,0.0,1.0,0.0,1.0,0.0,0.0,0.0,0.0,0.0,2.0,14.0,8.641975308641975,apanhadores
63,dzindrolo,morrumbene,2.0,5.0,1.0,0.0,0.0,0.0,0.0,0.0,0.0,8.0,65.0,16.049382716049383,apanhadores
64,gingave,morrumbene,0.0,1.0,1.0,0.0,1.0,0.0,0.0,0.0,0.0,3.0,20.0,4.938271604938271,apanhadores
65,mahutu,morrumbene,1.0,1.0,2.0,0.0,1.0,0.0,0.0,0.0,1.0,6.0,37.0,9.135802469135802,apanhadores
66,matewo,morrumbene,1.0,0.0,0.0,0.0,0.0,0.0,0.0,0.0,0.0,1.0,9.0,2.2222222222222223,apanhadores
67,mavandzi,morrumbene,3.0,0.0,1.0,0.0,0.0,0.0,0.0,0.0,0.0,4.0,34.0,8.395061728395062,apanhadores
68,mikaki,morrumbene,0.0,0.0,1.0,0.0,0.0,0.0,0.0,0.0,0.0,1.0,7.0,1.728395061728395,apanhadores
69,mitifa,morrumbene,1.0,0.0,0.0,0.0,0.0,0.0,1.0,0.0,0.0,2.0,12.0,2.9629629629629632,apanhadores
70,nhanguedwa,morrumbene,11.0,2.0,1.0,2.0,1.0,0.0,0.0,0.0,0.0,17.0,139.0,34.32098765432099,apanhadores
71,nhatogue,morrumbene,0.0,3.0,0.0,1.0,0.0,0.0,0.0,0.0,0.0,4.0,30.0,7.4074074074074066,apanhadores
72,simbatsani,morrumbene,0.0,0.0,0.0,1.0,0.0,0.0,0.0,0.0,0.0,1.0,6.0,1.4814814814814816,apanhadores
73,togoma,morrumbene,0.0,3.0,2.0,0.0,0.0,2.0,0.0,0.0,0.0,7.0,46.0,11.358024691358025,apanhadores
74,dzindrolo,mucucune,1.0,2.0,0.0,0.0,0.0,0.0,0.0,0.0,0.0,3.0,25.0,27.173913043478258,apanhadores
75,mahoma,mucucune,0.0,0.0,1.0,0.0,0.0,0.0,0.0,0.0,0.0,1.0,7.0,7.608695652173914,apanhadores
76,mavandzi,mucucune,4.0,0.0,0.0,0.0,0.0,0.0,0.0,0.0,0.0,4.0,36.0,39.130434782608695,apanhadores
77,simbatsani,mucucune,0.0,1.0,0.0,0.0,0.0,0.0,0.0,0.0,0.0,1.0,8.0,8.695652173913043,apanhadores
78,togoma,mucucune,0.0,2.0,0.0,0.0,0.0,0.0,0.0,0.0,0.0,2.0,16.0,17.391304347826086,apanhadores
79,dzindrolo,nhamaxaxa,4.0,0.0,1.0,0.0,0.0,0.0,0.0,0.0,0.0,5.0,43.0,50.588235294117645,apanhadores
80,nhamunhe,nhamaxaxa,0.0,2.0,0.0,0.0,0.0,0.0,0.0,0.0,0.0,2.0,16.0,18.823529411764707,apanhadores
81,nhandrendre,nhamaxaxa,0.0,0.0,1.0,0.0,0.0,0.0,0.0,0.0,0.0,1.0,7.0,8.235294117647058,apanhadores
82,nhasastani,nhamaxaxa,0.0,0.0,1.0,1.0,0.0,0.0,0.0,0.0,0.0,2.0,13.0,15.294117647058824,apanhadores
83,simbatsani,nhamaxaxa,0.0,0.0,0.0,1.0,0.0,0.0,0.0,0.0,0.0,1.0,6.0,7.0588235294117645,apanhadores
84,dzindrolo,nhampossa,3.0,0.0,1.0,0.0,0.0,0.0,0.0,0.0,0.0,4.0,34.0,33.663366336633665,apanhadores
85,mavandzi,nhampossa,1.0,0.0,1.0,0.0,0.0,0.0,0.0,0.0,0.0,2.0,16.0,15.841584158415841,apanhadores
86,nhakumbe,nhampossa,1.0,0.0,0.0,0.0,1.0,0.0,0.0,0.0,0.0,2.0,14.0,13.861386138613863,apanhadores
87,nhatogue,nhampossa,0.0,0.0,0.0,1.0,0.0,0.0,0.0,0.0,0.0,1.0,6.0,5.9405940594059405,apanhadores
88,togoma,nhampossa,0.0,3.0,0.0,0.0,0.0,0.0,0.0,0.0,0.0,3.0,24.0,23.762376237623762,apanhadores
89,tsanga,nhampossa,0.0,0.0,1.0,0.0,0.0,0.0,0.0,0.0,0.0,1.0,7.0,6.9306930693069315,apanhadores
90,dzindrolo,nhamua,10.0,5.0,1.0,1.0,0.0,0.0,0.0,0.0,0.0,17.0,143.0,20.664739884393065,apanhadores
91,gingave,nhamua,0.0,1.0,0.0,0.0,0.0,0.0,0.0,0.0,0.0,1.0,8.0,1.1560693641618496,apanhadores
92,mahoma,nhamua,3.0,5.0,4.0,0.0,0.0,0.0,0.0,0.0,0.0,12.0,95.0,13.728323699421965,apanhadores
93,makolo,nhamua,0.0,1.0,1.0,1.0,0.0,0.0,0.0,0.0,0.0,3.0,21.0,3.0346820809248554,apanhadores
94,mapalo,nhamua,0.0,4.0,7.0,2.0,4.0,0.0,0.0,0.0,0.0,17.0,113.0,16.329479768786126,apanhadores
95,marengue,nhamua,0.0,0.0,1.0,0.0,0.0,0.0,0.0,0.0,0.0,1.0,7.0,1.0115606936416186,apanhadores
96,matewo,nhamua,1.0,8.0,7.0,5.0,0.0,1.0,0.0,0.0,0.0,22.0,156.0,22.54335260115607,apanhadores
97,mavandzi,nhamua,0.0,3.0,3.0,2.0,1.0,1.0,0.0,0.0,0.0,10.0,66.0,9.53757225433526,apanhadores
98,nhamunhe,nhamua,0.0,2.0,1.0,3.0,1.0,1.0,2.0,0.0,0.0,10.0,56.0,8.092485549132949,apanhadores
99,nhatogue,nhamua,0.0,0.0,0.0,0.0,0.0,0.0,0.0,1.0,0.0,1.0,2.0,0.2890173410404624,apanhadores
100,nvuma,nhamua,0.0,0.0,1.0,0.0,0.0,0.0,0.0,0.0,0.0,1.0,7.0,1.0115606936416186,apanhadores
101,simbatsani,nhamua,0.0,0.0,1.0,0.0,0.0,0.0,0.0,0.0,0.0,1.0,7.0,1.0115606936416186,apanhadores
102,togoma,nhamua,0.0,0.0,1.0,0.0,0.0,1.0,0.0,0.0,0.0,2.0,11.0,1.5895953757225432,apanhadores
103,dzindrolo,njuga,6.0,2.0,0.0,0.0,0.0,0.0,0.0,0.0,0.0,8.0,70.0,25.0,apanhadores
104,giralakhokho,njuga,0.0,0.0,2.0,1.0,0.0,0.0,0.0,0.0,0.0,3.0,20.0,7.142857142857142,apanhadores
105,giredenene,njuga,0.0,0.0,0.0,0.0,0.0,0.0,1.0,0.0,0.0,1.0,3.0,1.0714285714285714,apanhadores
106,guikhokoroma,njuga,0.0,2.0,1.0,0.0,1.0,0.0,0.0,0.0,0.0,4.0,28.0,10.0,apanhadores
107,mapalo,njuga,0.0,0.0,2.0,0.0,0.0,0.0,0.0,0.0,0.0,2.0,14.0,5.0,apanhadores
108,masaba,njuga,1.0,1.0,0.0,0.0,0.0,0.0,0.0,0.0,0.0,2.0,17.0,6.071428571428571,apanhadores
109,mavandzi,njuga,2.0,0.0,1.0,0.0,0.0,0.0,0.0,0.0,0.0,3.0,25.0,8.928571428571429,apanhadores
110,nhamuele,njuga,0.0,0.0,0.0,0.0,0.0,1.0,0.0,0.0,0.0,1.0,4.0,1.4285714285714286,apanhadores
111,nhamunhe,njuga,0.0,2.0,1.0,1.0,0.0,0.0,0.0,0.0,0.0,4.0,29.0,10.357142857142858,apanhadores
112,nhasastani,njuga,0.0,0.0,0.0,1.0,1.0,1.0,0.0,0.0,0.0,3.0,15.0,5.357142857142857,apanhadores
113,nvuma,njuga,0.0,0.0,0.0,1.0,0.0,0.0,0.0,0.0,0.0,1.0,6.0,2.142857142857143,apanhadores
114,simbatsani,njuga,0.0,2.0,1.0,1.0,1.0,0.0,0.0,0.0,0.0,5.0,34.0,12.142857142857142,apanhadores
115,togoma,njuga,0.0,0.0,0.0,1.0,1.0,0.0,0.0,0.0,0.0,2.0,11.0,3.9285714285714284,apanhadores
116,tsanga,njuga,0.0,0.0,0.0,0.0,0.0,1.0,0.0,0.0,0.0,1.0,4.0,1.4285714285714286,apanhadores
117,dzindrolo,sahane,3.0,1.0,0.0,0.0,0.0,0.0,0.0,0.0,0.0,4.0,35.0,33.33333333333333,apanhadores
118,mahoma,sahane,0.0,1.0,0.0,0.0,0.0,0.0,0.0,0.0,0.0,1.0,8.0,7.6190476190476195,apanhadores
119,matewo,sahane,0.0,0.0,2.0,0.0,0.0,0.0,0.0,0.0,0.0,2.0,14.0,13.333333333333334,apanhadores
120,nhamunhe,sahane,0.0,2.0,0.0,0.0,0.0,0.0,0.0,0.0,0.0,2.0,16.0,15.238095238095239,apanhadores
121,simbatsani,sahane,2.0,0.0,1.0,0.0,0.0,0.0,0.0,0.0,0.0,3.0,25.0,23.809523809523807,apanhadores
122,tsanga,sahane,0.0,0.0,1.0,0.0,0.0,0.0,0.0,0.0,0.0,1.0,7.0,6.666666666666667,apanhadores
123,masaba,kuguana,1.0,0.0,0.0,0.0,0.0,0.0,0.0,0.0,0.0,1.0,9.0,14.0625,apanhadores
124,mavandzi,kuguana,0.0,0.0,1.0,0.0,0.0,0.0,0.0,0.0,0.0,1.0,7.0,10.9375,apanhadores
125,nhakumbe,kuguana,0.0,1.0,0.0,0.0,0.0,0.0,0.0,0.0,0.0,1.0,8.0,12.5,apanhadores
126,nhanguedwa,kuguana,0.0,0.0,1.0,0.0,0.0,0.0,0.0,0.0,0.0,1.0,7.0,10.9375,apanhadores
127,nhatogue,kuguana,1.0,0.0,0.0,1.0,0.0,1.0,0.0,0.0,0.0,3.0,19.0,29.6875,apanhadores
128,simbatsani,kuguana,0.0,0.0,0.0,0.0,1.0,0.0,0.0,0.0,0.0,1.0,5.0,7.8125,apanhadores
129,togoma,kuguana,1.0,0.0,0.0,0.0,0.0,0.0,0.0,0.0,0.0,1.0,9.0,14.0625,apanhadores
130,dzindrolo,baia,52.0,25.0,13.0,8.0,3.0,2.0,1.0,0.0,0.0,104.0,833.0,20.871961914307192,apanhadores
131,dzisolo,baia,0.0,1.0,0.0,0.0,0.0,0.0,0.0,0.0,0.0,1.0,8.0,0.20045101478326235,apanhadores
132,gihologo,baia,0.0,1.0,1.0,2.0,0.0,1.0,1.0,0.0,0.0,6.0,34.0,0.8519168128288649,apanhadores
133,gingave,baia,0.0,5.0,1.0,4.0,1.0,3.0,1.0,0.0,0.0,15.0,91.0,2.2801302931596092,apanhadores
134,giralakhokho,baia,0.0,0.0,2.0,1.0,0.0,1.0,0.0,0.0,0.0,4.0,24.0,0.601353044349787,apanhadores
135,giredenene,baia,0.0,1.0,0.0,0.0,0.0,0.0,1.0,0.0,0.0,2.0,11.0,0.2756201453269857,apanhadores
136,gudua,baia,0.0,0.0,0.0,0.0,1.0,1.0,0.0,0.0,0.0,2.0,9.0,0.22550739163117012,apanhadores
137,guikhokoroma,baia,0.0,2.0,1.0,0.0,1.0,0.0,0.0,0.0,0.0,4.0,28.0,0.7015785517414181,apanhadores
138,honho,baia,0.0,0.0,0.0,1.0,0.0,0.0,0.0,0.0,0.0,1.0,6.0,0.15033826108744675,apanhadores
139,mahoma,baia,3.0,8.0,7.0,3.0,2.0,0.0,0.0,0.0,2.0,25.0,170.0,4.259584064144325,apanhadores
140,mahutu,baia,1.0,1.0,2.0,0.0,1.0,0.0,0.0,0.0,1.0,6.0,37.0,0.9270859433725883,apanhadores
141,makolo,baia,1.0,1.0,4.0,3.0,0.0,1.0,0.0,1.0,0.0,11.0,69.0,1.7288900025056377,apanhadores
142,mapalo,baia,6.0,17.0,18.0,3.0,6.0,0.0,0.0,1.0,0.0,51.0,366.0,9.170633926334252,apanhadores
143,marengue,baia,0.0,0.0,2.0,0.0,0.0,2.0,1.0,0.0,0.0,5.0,25.0,0.6264094211976947,apanhadores
144,masaba,baia,3.0,1.0,0.0,0.0,0.0,1.0,0.0,0.0,0.0,5.0,39.0,0.9771986970684038,apanhadores
145,matewo,baia,9.0,19.0,25.0,13.0,2.0,4.0,1.0,1.0,0.0,74.0,517.0,12.95414683036833,apanhadores
146,mavandzi,baia,42.0,15.0,9.0,3.0,5.0,1.0,1.0,0.0,1.0,77.0,612.0,15.33450263091957,apanhadores
147,mavionho,baia,0.0,0.0,0.0,1.0,0.0,0.0,0.0,0.0,0.0,1.0,6.0,0.15033826108744675,apanhadores
148,mihili,baia,0.0,0.0,0.0,0.0,0.0,1.0,0.0,0.0,0.0,1.0,4.0,0.10022550739163118,apanhadores
149,mikaki,baia,0.0,0.0,1.0,0.0,0.0,0.0,0.0,0.0,0.0,1.0,7.0,0.17539463793535454,apanhadores
150,mitifa,baia,2.0,0.0,0.0,0.0,0.0,1.0,1.0,1.0,1.0,6.0,28.0,0.7015785517414181,apanhadores
151,mwahaha,baia,0.0,0.0,0.0,2.0,0.0,0.0,0.0,0.0,0.0,2.0,12.0,0.3006765221748935,apanhadores
152,nhakomi,baia,0.0,0.0,0.0,0.0,0.0,0.0,0.0,0.0,1.0,1.0,1.0,0.025056376847907794,apanhadores
153,nhakumbe,baia,1.0,1.0,0.0,0.0,1.0,0.0,0.0,1.0,0.0,4.0,24.0,0.601353044349787,apanhadores
154,nhakusi,baia,0.0,0.0,0.0,0.0,0.0,0.0,0.0,0.0,0.0,0.0,0.0,0.0,apanhadores
155,nhamuele,baia,0.0,2.0,1.0,1.0,1.0,2.0,0.0,0.0,0.0,7.0,42.0,1.0523678276121273,apanhadores
156,nhamunhe,baia,1.0,10.0,3.0,8.0,6.0,4.0,2.0,1.0,0.0,35.0,212.0,5.311951891756452,apanhadores
157,nhandrendre,baia,0.0,0.0,1.0,0.0,0.0,0.0,0.0,0.0,0.0,1.0,7.0,0.17539463793535454,apanhadores
158,nhanguedwa,baia,13.0,5.0,2.0,2.0,2.0,1.0,2.0,0.0,1.0,28.0,204.0,5.1115008769731896,apanhadores
159,nhasastani,baia,0.0,0.0,2.0,3.0,4.0,4.0,1.0,0.0,1.0,15.0,72.0,1.804059133049361,apanhadores
160,nhatogue,baia,1.0,4.0,0.0,3.0,1.0,1.0,1.0,1.0,0.0,12.0,73.0,1.8291155098972687,apanhadores
161,nvuma,baia,0.0,0.0,3.0,1.0,3.0,0.0,1.0,1.0,0.0,9.0,47.0,1.1776497118516662,apanhadores
162,simbatsani,baia,2.0,3.0,3.0,3.0,2.0,0.0,0.0,1.0,0.0,14.0,93.0,2.3302430468554247,apanhadores
163,togoma,baia,3.0,14.0,5.0,6.0,3.0,3.0,1.0,1.0,0.0,36.0,242.0,6.063643197193685,apanhadores
164,tsanga,baia,0.0,0.0,4.0,1.0,0.0,1.0,0.0,0.0,0.0,6.0,38.0,0.952142320220496,apanhadores
165,49,morrumbene,0.0,0.0,0.0,1.0,0.0,0.0,0.0,0.0,0.0,1.0,6.0,0.42134831460674155,pescadores
166,carapo,morrumbene,2.0,1.0,1.0,5.0,1.0,0.0,1.0,0.0,0.0,11.0,71.0,4.985955056179775,pescadores
167,dzindrolo,morrumbene,0.0,3.0,2.0,4.0,6.0,0.0,5.0,1.0,1.0,22.0,110.0,7.724719101123595,pescadores
168,dzipata,morrumbene,0.0,1.0,2.0,1.0,2.0,1.0,1.0,3.0,2.0,13.0,53.0,3.721910112359551,pescadores
169,gidzuani,morrumbene,0.0,0.0,0.0,0.0,0.0,0.0,1.0,0.0,0.0,1.0,3.0,0.21067415730337077,pescadores
170,gihologo,morrumbene,3.0,1.0,1.0,0.0,0.0,0.0,0.0,1.0,0.0,6.0,44.0,3.089887640449438,pescadores
171,gitongwe,morrumbene,2.0,1.0,2.0,1.0,0.0,0.0,0.0,0.0,0.0,6.0,46.0,3.2303370786516856,pescadores
172,gudua,morrumbene,1.0,5.0,1.0,0.0,0.0,1.0,1.0,0.0,0.0,9.0,63.0,4.424157303370786,pescadores
173,honho,morrumbene,5.0,5.0,1.0,1.0,1.0,1.0,0.0,0.0,0.0,14.0,107.0,7.514044943820225,pescadores
174,kolokolo,morrumbene,0.0,0.0,0.0,2.0,0.0,0.0,0.0,0.0,0.0,2.0,12.0,0.8426966292134831,pescadores
175,kuku,morrumbene,0.0,0.0,0.0,1.0,0.0,0.0,0.0,0.0,0.0,1.0,6.0,0.42134831460674155,pescadores
176,lidume,morrumbene,0.0,2.0,1.0,0.0,0.0,0.0,0.0,0.0,0.0,3.0,23.0,1.6151685393258428,pescadores
177,likerere,morrumbene,0.0,0.0,0.0,1.0,0.0,1.0,0.0,1.0,0.0,3.0,12.0,0.8426966292134831,pescadores
178,magumba,morrumbene,0.0,0.0,0.0,0.0,0.0,0.0,0.0,1.0,1.0,2.0,3.0,0.21067415730337077,pescadores
179,masaba,morrumbene,1.0,2.0,1.0,2.0,2.0,0.0,1.0,0.0,0.0,9.0,57.0,4.002808988764045,pescadores
180,mavandzi,morrumbene,16.0,3.0,1.0,1.0,1.0,1.0,1.0,0.0,1.0,25.0,194.0,13.623595505617978,pescadores
181,mavionho,morrumbene,0.0,4.0,2.0,0.0,2.0,1.0,1.0,0.0,1.0,11.0,64.0,4.49438202247191,pescadores
182,mbabe,morrumbene,1.0,0.0,1.0,1.0,1.0,3.0,2.0,0.0,0.0,9.0,45.0,3.160112359550562,pescadores
183,mifiti,morrumbene,1.0,0.0,0.0,1.0,1.0,1.0,0.0,2.0,1.0,7.0,29.0,2.0365168539325844,pescadores
184,mihili,morrumbene,2.0,0.0,6.0,4.0,2.0,2.0,0.0,2.0,0.0,18.0,106.0,7.443820224719102,pescadores
185,nhabugue,morrumbene,0.0,0.0,1.0,0.0,0.0,1.0,0.0,2.0,0.0,4.0,15.0,1.053370786516854,pescadores
186,nhakomani,morrumbene,0.0,0.0,0.0,0.0,0.0,0.0,1.0,0.0,0.0,1.0,3.0,0.21067415730337077,pescadores
187,nhanguedwa,morrumbene,0.0,0.0,0.0,0.0,1.0,0.0,0.0,0.0,0.0,1.0,5.0,0.35112359550561795,pescadores
188,nharongue,morrumbene,0.0,1.0,1.0,1.0,1.0,1.0,0.0,0.0,0.0,5.0,30.0,2.106741573033708,pescadores
189,salani,morrumbene,0.0,0.0,0.0,1.0,1.0,2.0,1.0,0.0,2.0,7.0,24.0,1.6853932584269662,pescadores
190,sigulula,morrumbene,0.0,0.0,0.0,0.0,2.0,0.0,0.0,1.0,0.0,3.0,12.0,0.8426966292134831,pescadores
191,tendre,morrumbene,0.0,1.0,2.0,1.0,1.0,2.0,0.0,1.0,0.0,8.0,43.0,3.019662921348315,pescadores
192,togoma,morrumbene,0.0,0.0,0.0,1.0,0.0,0.0,0.0,0.0,0.0,1.0,6.0,0.42134831460674155,pescadores
193,tsakanhani,morrumbene,1.0,1.0,2.0,0.0,0.0,0.0,2.0,1.0,0.0,7.0,39.0,2.7387640449438204,pescadores
194,tsava,morrumbene,2.0,3.0,3.0,8.0,2.0,2.0,1.0,0.0,1.0,22.0,133.0,9.339887640449438,pescadores
195,tsongua,morrumbene,0.0,1.0,0.0,0.0,1.0,3.0,1.0,0.0,3.0,9.0,31.0,2.1769662921348316,pescadores
196,xereua,morrumbene,0.0,0.0,1.0,2.0,1.0,0.0,1.0,1.0,0.0,6.0,29.0,2.0365168539325844,pescadores
197,carapo,ilha,0.0,0.0,0.0,1.0,0.0,1.0,0.0,0.0,0.0,2.0,10.0,1.9801980198019802,pescadores
198,dzindrolo,ilha,0.0,0.0,0.0,0.0,1.0,1.0,1.0,1.0,0.0,4.0,14.0,2.7722772277227725,pescadores
199,dzipata,ilha,0.0,1.0,2.0,0.0,4.0,0.0,1.0,1.0,0.0,9.0,47.0,9.306930693069306,pescadores
200,gihologo,ilha,0.0,0.0,0.0,0.0,0.0,1.0,0.0,1.0,0.0,2.0,6.0,1.188118811881188,pescadores
201,gitongwe,ilha,0.0,0.0,0.0,0.0,1.0,0.0,0.0,0.0,1.0,2.0,6.0,1.188118811881188,pescadores
202,gudua,ilha,0.0,0.0,0.0,0.0,0.0,1.0,0.0,0.0,0.0,1.0,4.0,0.7920792079207921,pescadores
203,honho,ilha,0.0,0.0,0.0,0.0,1.0,0.0,0.0,0.0,1.0,2.0,6.0,1.188118811881188,pescadores
204,korea,ilha,0.0,1.0,0.0,1.0,0.0,0.0,0.0,0.0,0.0,2.0,14.0,2.7722772277227725,pescadores
205,kuku,ilha,1.0,0.0,1.0,0.0,0.0,0.0,0.0,0.0,0.0,2.0,16.0,3.1683168316831685,pescadores
206,mahoma,ilha,0.0,0.0,0.0,0.0,0.0,0.0,0.0,0.0,1.0,1.0,1.0,0.19801980198019803,pescadores
207,makolo,ilha,0.0,0.0,0.0,0.0,0.0,0.0,0.0,1.0,0.0,1.0,2.0,0.39603960396039606,pescadores
208,mapalo,ilha,0.0,0.0,0.0,0.0,0.0,0.0,0.0,0.0,1.0,1.0,1.0,0.19801980198019803,pescadores
209,marengue,ilha,0.0,0.0,0.0,0.0,0.0,0.0,0.0,0.0,1.0,1.0,1.0,0.19801980198019803,pescadores
210,matewo,ilha,1.0,0.0,0.0,0.0,0.0,0.0,0.0,0.0,0.0,1.0,9.0,1.782178217821782,pescadores
211,mavandzi,ilha,10.0,2.0,0.0,0.0,1.0,1.0,1.0,0.0,0.0,15.0,118.0,23.36633663366337,pescadores
212,mavionho,ilha,0.0,2.0,0.0,2.0,0.0,0.0,0.0,0.0,0.0,4.0,28.0,5.544554455445545,pescadores
213,mbabe,ilha,0.0,1.0,2.0,0.0,1.0,0.0,0.0,0.0,0.0,4.0,27.0,5.346534653465347,pescadores
214,mifiti,ilha,0.0,0.0,0.0,1.0,0.0,0.0,0.0,0.0,0.0,1.0,6.0,1.188118811881188,pescadores
215,mihili,ilha,1.0,3.0,2.0,1.0,1.0,0.0,0.0,0.0,0.0,8.0,58.0,11.485148514851486,pescadores
216,nhabugue,ilha,0.0,1.0,1.0,0.0,0.0,1.0,1.0,0.0,0.0,4.0,22.0,4.356435643564356,pescadores
217,salani,ilha,0.0,2.0,2.0,1.0,0.0,0.0,0.0,0.0,0.0,5.0,36.0,7.128712871287128,pescadores
218,sigulula,ilha,1.0,0.0,2.0,1.0,0.0,0.0,0.0,0.0,0.0,4.0,29.0,5.742574257425743,pescadores
219,sololo,ilha,0.0,0.0,0.0,0.0,0.0,0.0,1.0,0.0,0.0,1.0,3.0,0.594059405940594,pescadores
220,tendre,ilha,0.0,0.0,0.0,3.0,0.0,0.0,1.0,0.0,0.0,4.0,21.0,4.158415841584159,pescadores
221,tsogola,ilha,0.0,0.0,0.0,1.0,0.0,0.0,0.0,0.0,0.0,1.0,6.0,1.188118811881188,pescadores
222,tsongua,ilha,0.0,0.0,0.0,0.0,1.0,1.0,0.0,0.0,0.0,2.0,9.0,1.782178217821782,pescadores
223,xereua,ilha,0.0,0.0,0.0,0.0,1.0,0.0,0.0,0.0,0.0,1.0,5.0,0.9900990099009901,pescadores
224,carapo,josina_machel,1.0,2.0,2.0,0.0,0.0,0.0,0.0,0.0,0.0,5.0,39.0,11.818181818181818,pescadores
225,dzindrolo,josina_machel,1.0,0.0,0.0,0.0,0.0,0.0,0.0,0.0,0.0,1.0,9.0,2.727272727272727,pescadores
226,dzipata,josina_machel,0.0,0.0,1.0,0.0,2.0,0.0,0.0,0.0,0.0,3.0,17.0,5.151515151515151,pescadores
227,gudua,josina_machel,0.0,0.0,1.0,1.0,1.0,0.0,0.0,0.0,0.0,3.0,18.0,5.454545454545454,pescadores
228,honho,josina_machel,0.0,0.0,1.0,1.0,0.0,0.0,0.0,0.0,0.0,2.0,13.0,3.939393939393939,pescadores
229,kolokolo,josina_machel,0.0,1.0,0.0,0.0,0.0,0.0,0.0,0.0,0.0,1.0,8.0,2.4242424242424243,pescadores
230,korea,josina_machel,0.0,0.0,1.0,0.0,0.0,0.0,0.0,0.0,0.0,1.0,7.0,2.1212121212121215,pescadores
231,kuku,josina_machel,0.0,0.0,0.0,0.0,0.0,1.0,0.0,0.0,0.0,1.0,4.0,1.2121212121212122,pescadores
232,makolo,josina_machel,0.0,1.0,0.0,0.0,0.0,0.0,0.0,0.0,0.0,1.0,8.0,2.4242424242424243,pescadores
233,mapalo,josina_machel,0.0,1.0,0.0,0.0,0.0,0.0,0.0,0.0,0.0,1.0,8.0,2.4242424242424243,pescadores
234,matewo,josina_machel,0.0,0.0,0.0,1.0,0.0,0.0,0.0,0.0,0.0,1.0,6.0,1.8181818181818181,pescadores
235,mavionho,josina_machel,1.0,3.0,2.0,0.0,0.0,0.0,0.0,0.0,1.0,7.0,48.0,14.545454545454545,pescadores
236,mbabe,josina_machel,0.0,0.0,0.0,0.0,0.0,0.0,0.0,1.0,0.0,1.0,2.0,0.6060606060606061,pescadores
237,mihili,josina_machel,3.0,1.0,0.0,0.0,1.0,0.0,0.0,0.0,0.0,5.0,40.0,12.121212121212121,pescadores
238,salani,josina_machel,0.0,1.0,3.0,1.0,0.0,1.0,0.0,0.0,0.0,6.0,39.0,11.818181818181818,pescadores
239,sigulula,josina_machel,0.0,0.0,1.0,2.0,1.0,0.0,0.0,0.0,0.0,4.0,24.0,7.2727272727272725,pescadores
240,sololo,josina_machel,0.0,1.0,0.0,0.0,0.0,0.0,0.0,0.0,0.0,1.0,8.0,2.4242424242424243,pescadores
241,tendre,josina_machel,0.0,1.0,0.0,1.0,0.0,0.0,0.0,0.0,0.0,2.0,14.0,4.242424242424243,pescadores
242,tsakanhani,josina_machel,0.0,0.0,0.0,0.0,0.0,0.0,1.0,0.0,0.0,1.0,3.0,0.9090909090909091,pescadores
243,tsongua,josina_machel,0.0,0.0,0.0,1.0,0.0,0.0,0.0,0.0,0.0,1.0,6.0,1.8181818181818181,pescadores
244,xereua,josina_machel,1.0,0.0,0.0,0.0,0.0,0.0,0.0,0.0,0.0,1.0,9.0,2.727272727272727,pescadores
245,carapo,kuguana,0.0,0.0,0.0,2.0,0.0,0.0,0.0,0.0,0.0,2.0,12.0,0.974025974025974,pescadores
246,dzindrolo,kuguana,0.0,1.0,2.0,4.0,3.0,1.0,2.0,1.0,0.0,14.0,73.0,5.925324675324675,pescadores
247,dzipata,kuguana,0.0,0.0,0.0,2.0,2.0,2.0,1.0,4.0,2.0,13.0,43.0,3.49025974025974,pescadores
248,gidagianha,kuguana,0.0,0.0,0.0,1.0,0.0,0.0,0.0,0.0,0.0,1.0,6.0,0.487012987012987,pescadores
249,gihologo,kuguana,0.0,0.0,3.0,2.0,3.0,3.0,0.0,0.0,0.0,11.0,60.0,4.870129870129871,pescadores
250,gitongwe,kuguana,1.0,0.0,0.0,3.0,0.0,0.0,0.0,0.0,0.0,4.0,27.0,2.1915584415584415,pescadores
251,gudua,kuguana,4.0,3.0,2.0,3.0,0.0,0.0,0.0,0.0,0.0,12.0,92.0,7.467532467532467,pescadores
252,honho,kuguana,4.0,3.0,2.0,1.0,0.0,0.0,0.0,0.0,0.0,10.0,80.0,6.493506493506493,pescadores
253,kolokolo,kuguana,0.0,0.0,0.0,0.0,2.0,0.0,0.0,0.0,0.0,2.0,10.0,0.8116883116883116,pescadores
254,livandrevandre,kuguana,0.0,0.0,0.0,0.0,0.0,0.0,0.0,1.0,0.0,1.0,2.0,0.16233766233766234,pescadores
255,magumba,kuguana,0.0,0.0,1.0,1.0,1.0,0.0,3.0,0.0,0.0,6.0,27.0,2.1915584415584415,pescadores
256,masaba,kuguana,10.0,6.0,1.0,2.0,0.0,0.0,0.0,0.0,0.0,19.0,157.0,12.743506493506493,pescadores
257,mavandzi,kuguana,12.0,12.0,1.0,3.0,0.0,1.0,1.0,0.0,0.0,30.0,236.0,19.155844155844157,pescadores
258,mavionho,kuguana,0.0,0.0,1.0,1.0,1.0,0.0,1.0,1.0,0.0,5.0,23.0,1.8668831168831168,pescadores
259,mbabe,kuguana,0.0,0.0,0.0,1.0,0.0,1.0,0.0,0.0,0.0,2.0,10.0,0.8116883116883116,pescadores
260,mifiti,kuguana,0.0,0.0,1.0,0.0,3.0,0.0,1.0,0.0,0.0,5.0,25.0,2.029220779220779,pescadores
261,mihili,kuguana,1.0,1.0,6.0,5.0,1.0,1.0,0.0,0.0,0.0,15.0,98.0,7.954545454545454,pescadores
262,nani,kuguana,0.0,0.0,0.0,0.0,0.0,0.0,1.0,0.0,0.0,1.0,3.0,0.2435064935064935,pescadores
263,nhakomani,kuguana,0.0,1.0,1.0,4.0,1.0,0.0,1.0,1.0,0.0,9.0,49.0,3.977272727272727,pescadores
264,nharongue,kuguana,0.0,0.0,1.0,1.0,1.0,0.0,1.0,0.0,0.0,4.0,21.0,1.7045454545454544,pescadores
265,nhatogue,kuguana,0.0,0.0,0.0,0.0,0.0,0.0,1.0,0.0,0.0,1.0,3.0,0.2435064935064935,pescadores
266,salani,kuguana,0.0,0.0,2.0,1.0,2.0,7.0,0.0,0.0,0.0,12.0,58.0,4.707792207792208,pescadores
267,sardinha,kuguana,0.0,0.0,0.0,0.0,1.0,0.0,0.0,1.0,0.0,2.0,7.0,0.5681818181818182,pescadores
268,sigulula,kuguana,0.0,1.0,1.0,1.0,1.0,0.0,2.0,0.0,0.0,6.0,32.0,2.5974025974025974,pescadores
269,sikwalala,kuguana,0.0,0.0,0.0,0.0,0.0,0.0,0.0,1.0,1.0,2.0,3.0,0.2435064935064935,pescadores
270,sololo,kuguana,0.0,0.0,0.0,1.0,0.0,0.0,0.0,0.0,0.0,1.0,6.0,0.487012987012987,pescadores
271,tendre,kuguana,0.0,0.0,1.0,0.0,0.0,0.0,0.0,0.0,1.0,2.0,8.0,0.6493506493506493,pescadores
272,togoma,kuguana,0.0,0.0,0.0,0.0,0.0,0.0,0.0,1.0,0.0,1.0,2.0,0.16233766233766234,pescadores
273,tsakanhani,kuguana,0.0,1.0,0.0,0.0,0.0,0.0,0.0,0.0,0.0,1.0,8.0,0.6493506493506493,pescadores
274,tsava,kuguana,0.0,0.0,0.0,1.0,1.0,0.0,0.0,0.0,0.0,2.0,11.0,0.8928571428571428,pescadores
275,tsongua,kuguana,0.0,0.0,0.0,1.0,0.0,0.0,0.0,0.0,0.0,1.0,6.0,0.487012987012987,pescadores
276,xereua,kuguana,0.0,1.0,2.0,2.0,0.0,0.0,0.0,0.0,0.0,5.0,34.0,2.75974025974026,pescadores
277,carapo,madava,1.0,2.0,2.0,1.0,1.0,2.0,1.0,1.0,0.0,11.0,63.0,3.799758745476477,pescadores
278,dzindrolo,madava,0.0,1.0,1.0,10.0,5.0,2.0,1.0,1.0,4.0,25.0,117.0,7.056694813027745,pescadores
279,dzipata,madava,0.0,0.0,4.0,3.0,4.0,1.0,5.0,2.0,2.0,21.0,91.0,5.48854041013269,pescadores
280,gihologo,madava,1.0,7.0,17.0,2.0,0.0,0.0,0.0,0.0,0.0,27.0,196.0,11.821471652593486,pescadores
281,gingave,madava,0.0,0.0,0.0,0.0,0.0,0.0,0.0,0.0,1.0,1.0,1.0,0.060313630880579006,pescadores
282,gitongwe,madava,0.0,0.0,1.0,0.0,0.0,1.0,1.0,1.0,0.0,4.0,16.0,0.9650180940892641,pescadores
283,gudua,madava,1.0,0.0,1.0,0.0,0.0,2.0,0.0,0.0,0.0,4.0,24.0,1.4475271411338964,pescadores
284,honho,madava,0.0,0.0,0.0,0.0,0.0,0.0,2.0,1.0,0.0,3.0,8.0,0.48250904704463204,pescadores
285,kolokolo,madava,0.0,0.0,0.0,0.0,0.0,0.0,0.0,1.0,0.0,1.0,2.0,0.12062726176115801,pescadores
286,lidume,madava,0.0,0.0,0.0,0.0,1.0,0.0,0.0,0.0,0.0,1.0,5.0,0.30156815440289503,pescadores
287,magumba,madava,0.0,1.0,2.0,0.0,2.0,4.0,2.0,0.0,0.0,11.0,54.0,3.2569360675512664,pescadores
288,masaba,madava,17.0,12.0,0.0,1.0,0.0,1.0,0.0,0.0,0.0,31.0,259.0,15.621230398069963,pescadores
289,mavandzi,madava,26.0,18.0,2.0,2.0,0.0,0.0,0.0,0.0,0.0,48.0,404.0,24.36670687575392,pescadores
290,mavionho,madava,0.0,2.0,2.0,3.0,1.0,2.0,0.0,0.0,0.0,10.0,61.0,3.67913148371532,pescadores
291,mbabe,madava,0.0,0.0,0.0,0.0,0.0,0.0,0.0,1.0,0.0,1.0,2.0,0.12062726176115801,pescadores
292,mifiti,madava,0.0,1.0,0.0,0.0,2.0,2.0,0.0,0.0,0.0,5.0,26.0,1.5681544028950543,pescadores
293,mihili,madava,1.0,1.0,3.0,3.0,4.0,0.0,0.0,0.0,0.0,12.0,76.0,4.583835946924005,pescadores
294,mitifa,madava,0.0,0.0,0.0,1.0,4.0,0.0,0.0,0.0,0.0,5.0,26.0,1.5681544028950543,pescadores
295,nani,madava,0.0,0.0,0.0,1.0,1.0,0.0,0.0,0.0,0.0,2.0,11.0,0.6634499396863691,pescadores
296,nhabugue,madava,0.0,0.0,0.0,0.0,0.0,0.0,0.0,0.0,2.0,2.0,2.0,0.12062726176115801,pescadores
297,nhakomani,madava,0.0,0.0,2.0,3.0,0.0,0.0,1.0,0.0,0.0,6.0,35.0,2.1109770808202653,pescadores
298,nharongue,madava,0.0,2.0,3.0,5.0,0.0,0.0,0.0,0.0,0.0,10.0,67.0,4.041013268998793,pescadores
299,salani,madava,0.0,0.0,0.0,2.0,2.0,1.0,0.0,0.0,1.0,6.0,27.0,1.6284680337756332,pescadores
300,sardinha,madava,0.0,0.0,0.0,0.0,0.0,0.0,2.0,0.0,0.0,2.0,6.0,0.3618817852834741,pescadores
301,sigulula,madava,0.0,0.0,0.0,2.0,0.0,1.0,2.0,1.0,0.0,6.0,24.0,1.4475271411338964,pescadores
302,sikwalala,madava,0.0,0.0,0.0,0.0,0.0,0.0,0.0,0.0,1.0,1.0,1.0,0.060313630880579006,pescadores
303,sololo,madava,0.0,0.0,0.0,0.0,0.0,0.0,1.0,0.0,0.0,1.0,3.0,0.18094089264173704,pescadores
304,tendre,madava,0.0,0.0,0.0,0.0,2.0,0.0,0.0,1.0,1.0,4.0,13.0,0.7840772014475271,pescadores
305,tsava,madava,0.0,1.0,3.0,0.0,0.0,0.0,1.0,0.0,0.0,5.0,32.0,1.9300361881785282,pescadores
306,xereua,madava,0.0,0.0,0.0,0.0,0.0,1.0,0.0,1.0,0.0,2.0,6.0,0.3618817852834741,pescadores
307,carapo,mucucune,0.0,0.0,0.0,0.0,0.0,1.0,1.0,0.0,0.0,2.0,7.0,3.1963470319634704,pescadores
308,dzindrolo,mucucune,0.0,0.0,0.0,0.0,2.0,0.0,0.0,0.0,0.0,2.0,10.0,4.5662100456621,pescadores
309,dzipata,mucucune,0.0,0.0,0.0,0.0,0.0,0.0,0.0,1.0,2.0,3.0,4.0,1.82648401826484,pescadores
310,gitongwe,mucucune,0.0,1.0,0.0,0.0,0.0,0.0,0.0,0.0,0.0,1.0,8.0,3.65296803652968,pescadores
311,kuku,mucucune,0.0,0.0,0.0,0.0,0.0,0.0,1.0,0.0,0.0,1.0,3.0,1.36986301369863,pescadores
312,likerere,mucucune,0.0,0.0,0.0,0.0,1.0,0.0,0.0,0.0,0.0,1.0,5.0,2.28310502283105,pescadores
313,mavandzi,mucucune,1.0,0.0,0.0,0.0,0.0,0.0,0.0,0.0,0.0,1.0,9.0,4.10958904109589,pescadores
314,mavionho,mucucune,0.0,0.0,1.0,2.0,0.0,2.0,0.0,0.0,0.0,5.0,27.0,12.32876712328767,pescadores
315,mbabe,mucucune,0.0,0.0,0.0,2.0,0.0,0.0,0.0,0.0,0.0,2.0,12.0,5.47945205479452,pescadores
316,mihili,mucucune,2.0,2.0,0.0,1.0,0.0,0.0,0.0,0.0,0.0,5.0,40.0,18.2648401826484,pescadores
317,ngee,mucucune,1.0,0.0,0.0,0.0,0.0,0.0,0.0,0.0,0.0,1.0,9.0,4.10958904109589,pescadores
318,nhabugue,mucucune,0.0,0.0,1.0,0.0,0.0,0.0,0.0,0.0,0.0,1.0,7.0,3.1963470319634704,pescadores
319,salani,mucucune,2.0,2.0,1.0,0.0,0.0,0.0,0.0,0.0,0.0,5.0,41.0,18.72146118721461,pescadores
320,sardinha,mucucune,0.0,0.0,0.0,0.0,0.0,1.0,0.0,0.0,0.0,1.0,4.0,1.82648401826484,pescadores
321,sigulula,mucucune,0.0,1.0,2.0,0.0,0.0,0.0,1.0,0.0,0.0,4.0,25.0,11.415525114155251,pescadores
322,tsongua,mucucune,0.0,0.0,0.0,0.0,0.0,1.0,0.0,0.0,0.0,1.0,4.0,1.82648401826484,pescadores
323,xereua,mucucune,0.0,0.0,0.0,0.0,0.0,1.0,0.0,0.0,0.0,1.0,4.0,1.82648401826484,pescadores
324,carapo,nhamaxaxa,1.0,0.0,1.0,0.0,0.0,0.0,0.0,0.0,0.0,2.0,16.0,6.530612244897959,pescadores
325,dzindrolo,nhamaxaxa,0.0,0.0,0.0,0.0,1.0,1.0,0.0,0.0,0.0,2.0,9.0,3.6734693877551026,pescadores
326,dzipata,nhamaxaxa,0.0,0.0,0.0,0.0,0.0,2.0,1.0,0.0,0.0,3.0,11.0,4.489795918367347,pescadores
327,kuku,nhamaxaxa,0.0,0.0,0.0,0.0,1.0,0.0,0.0,0.0,0.0,1.0,5.0,2.0408163265306123,pescadores
328,mavionho,nhamaxaxa,0.0,0.0,2.0,1.0,1.0,0.0,0.0,0.0,0.0,4.0,25.0,10.204081632653061,pescadores
329,mifiti,nhamaxaxa,0.0,0.0,1.0,0.0,0.0,0.0,0.0,0.0,0.0,1.0,7.0,2.857142857142857,pescadores
330,mihili,nhamaxaxa,3.0,2.0,0.0,0.0,0.0,0.0,0.0,0.0,0.0,5.0,43.0,17.551020408163264,pescadores
331,nhamunhe,nhamaxaxa,0.0,0.0,0.0,0.0,0.0,0.0,1.0,0.0,0.0,1.0,3.0,1.2244897959183674,pescadores
332,nharongue,nhamaxaxa,0.0,1.0,0.0,1.0,0.0,0.0,0.0,0.0,0.0,2.0,14.0,5.714285714285714,pescadores
333,nhasastani,nhamaxaxa,0.0,0.0,0.0,0.0,0.0,0.0,0.0,1.0,0.0,1.0,2.0,0.8163265306122449,pescadores
334,salani,nhamaxaxa,1.0,1.0,0.0,0.0,0.0,0.0,0.0,0.0,0.0,2.0,17.0,6.938775510204081,pescadores
335,sardinha,nhamaxaxa,1.0,2.0,0.0,0.0,0.0,0.0,0.0,0.0,0.0,3.0,25.0,10.204081632653061,pescadores
336,sigulula,nhamaxaxa,1.0,0.0,0.0,3.0,0.0,0.0,0.0,0.0,0.0,4.0,27.0,11.020408163265307,pescadores
337,simbatsani,nhamaxaxa,0.0,0.0,0.0,0.0,0.0,0.0,0.0,0.0,1.0,1.0,1.0,0.40816326530612246,pescadores
338,tendre,nhamaxaxa,0.0,0.0,1.0,0.0,0.0,0.0,0.0,0.0,0.0,1.0,7.0,2.857142857142857,pescadores
339,tsakanhani,nhamaxaxa,0.0,1.0,0.0,0.0,0.0,0.0,0.0,0.0,0.0,1.0,8.0,3.2653061224489797,pescadores
340,tsogola,nhamaxaxa,0.0,0.0,1.0,0.0,0.0,0.0,0.0,0.0,0.0,1.0,7.0,2.857142857142857,pescadores
341,tsongua,nhamaxaxa,0.0,0.0,1.0,0.0,1.0,0.0,0.0,0.0,0.0,2.0,12.0,4.8979591836734695,pescadores
342,xereua,nhamaxaxa,0.0,0.0,0.0,1.0,0.0,0.0,0.0,0.0,0.0,1.0,6.0,2.4489795918367347,pescadores
343,carapo,nhamua,2.0,2.0,1.0,1.0,0.0,1.0,0.0,0.0,0.0,7.0,51.0,14.206128133704734,pescadores
344,dzindrolo,nhamua,4.0,1.0,0.0,2.0,0.0,0.0,0.0,0.0,0.0,7.0,56.0,15.598885793871867,pescadores
345,dzipata,nhamua,0.0,2.0,1.0,0.0,0.0,0.0,0.0,0.0,0.0,3.0,23.0,6.406685236768802,pescadores
346,gidzuani,nhamua,0.0,0.0,0.0,1.0,0.0,0.0,0.0,0.0,0.0,1.0,6.0,1.6713091922005572,pescadores
347,gingave,nhamua,0.0,0.0,0.0,1.0,0.0,0.0,0.0,0.0,0.0,1.0,6.0,1.6713091922005572,pescadores
348,gudua,nhamua,0.0,1.0,0.0,1.0,0.0,0.0,0.0,0.0,0.0,2.0,14.0,3.8997214484679668,pescadores
349,korea,nhamua,0.0,1.0,0.0,1.0,2.0,1.0,0.0,0.0,0.0,5.0,28.0,7.7994428969359335,pescadores
350,mahoma,nhamua,0.0,0.0,0.0,0.0,1.0,0.0,0.0,0.0,0.0,1.0,5.0,1.392757660167131,pescadores
351,mapalo,nhamua,0.0,0.0,0.0,0.0,0.0,0.0,1.0,0.0,0.0,1.0,3.0,0.8356545961002786,pescadores
352,matewo,nhamua,0.0,0.0,0.0,0.0,0.0,1.0,0.0,0.0,0.0,1.0,4.0,1.1142061281337048,pescadores
353,mavandzi,nhamua,0.0,1.0,0.0,1.0,0.0,1.0,0.0,0.0,0.0,3.0,18.0,5.013927576601671,pescadores
354,mavionho,nhamua,3.0,2.0,1.0,0.0,1.0,0.0,0.0,0.0,0.0,7.0,55.0,15.32033426183844,pescadores
355,mihili,nhamua,0.0,0.0,0.0,2.0,0.0,2.0,1.0,0.0,0.0,5.0,23.0,6.406685236768802,pescadores
356,nhamuele,nhamua,0.0,0.0,0.0,0.0,0.0,0.0,1.0,0.0,0.0,1.0,3.0,0.8356545961002786,pescadores
357,nhamunhe,nhamua,0.0,0.0,0.0,0.0,0.0,0.0,0.0,1.0,1.0,2.0,3.0,0.8356545961002786,pescadores
358,nharongue,nhamua,0.0,0.0,1.0,0.0,0.0,0.0,0.0,0.0,0.0,1.0,7.0,1.9498607242339834,pescadores
359,salani,nhamua,0.0,1.0,1.0,2.0,0.0,0.0,0.0,0.0,0.0,4.0,27.0,7.520891364902507,pescadores
360,sardinha,nhamua,0.0,0.0,0.0,1.0,2.0,0.0,0.0,0.0,0.0,3.0,16.0,4.456824512534819,pescadores
361,sigulula,nhamua,0.0,0.0,0.0,0.0,0.0,0.0,1.0,0.0,0.0,1.0,3.0,0.8356545961002786,pescadores
362,tsava,nhamua,0.0,0.0,0.0,0.0,0.0,0.0,0.0,1.0,0.0,1.0,2.0,0.5571030640668524,pescadores
363,tsongua,nhamua,0.0,0.0,0.0,1.0,0.0,0.0,0.0,0.0,0.0,1.0,6.0,1.6713091922005572,pescadores
364,carapo,njuga,0.0,1.0,0.0,1.0,0.0,0.0,0.0,0.0,0.0,2.0,14.0,5.223880597014925,pescadores
365,dzindrolo,njuga,0.0,1.0,0.0,1.0,0.0,0.0,0.0,0.0,0.0,2.0,14.0,5.223880597014925,pescadores
366,dzipata,njuga,0.0,1.0,1.0,4.0,0.0,0.0,0.0,0.0,0.0,6.0,39.0,14.55223880597015,pescadores
367,guikhokoroma,njuga,0.0,0.0,1.0,0.0,0.0,0.0,0.0,0.0,0.0,1.0,7.0,2.6119402985074625,pescadores
368,likerere,njuga,0.0,0.0,0.0,0.0,1.0,0.0,0.0,0.0,0.0,1.0,5.0,1.8656716417910446,pescadores
369,mavionho,njuga,0.0,1.0,3.0,0.0,0.0,0.0,1.0,0.0,0.0,5.0,32.0,11.940298507462686,pescadores
370,mihili,njuga,6.0,1.0,0.0,0.0,0.0,0.0,0.0,0.0,0.0,7.0,62.0,23.134328358208954,pescadores
371,nhabugue,njuga,1.0,0.0,0.0,0.0,0.0,0.0,0.0,0.0,0.0,1.0,9.0,3.3582089552238807,pescadores
372,nharongue,njuga,0.0,1.0,0.0,0.0,0.0,0.0,0.0,0.0,0.0,1.0,8.0,2.9850746268656714,pescadores
373,salani,njuga,0.0,0.0,1.0,0.0,0.0,0.0,0.0,0.0,0.0,1.0,7.0,2.6119402985074625,pescadores
374,sigulula,njuga,0.0,4.0,1.0,1.0,0.0,1.0,0.0,0.0,0.0,7.0,49.0,18.28358208955224,pescadores
375,tsava,njuga,0.0,1.0,0.0,0.0,1.0,0.0,0.0,0.0,0.0,2.0,13.0,4.850746268656716,pescadores
376,tsongua,njuga,1.0,0.0,0.0,0.0,0.0,0.0,0.0,0.0,0.0,1.0,9.0,3.3582089552238807,pescadores
377,dzindrolo,chamane,4.0,1.0,1.0,1.0,0.0,2.0,1.0,1.0,0.0,11.0,70.0,7.099391480730223,pescadores
378,dzipata,chamane,0.0,0.0,4.0,4.0,1.0,1.0,1.0,2.0,3.0,16.0,71.0,7.200811359026369,pescadores
379,gihologo,chamane,0.0,0.0,2.0,0.0,0.0,0.0,0.0,0.0,0.0,2.0,14.0,1.4198782961460445,pescadores
380,gingave,chamane,0.0,0.0,0.0,1.0,0.0,0.0,0.0,0.0,1.0,2.0,7.0,0.7099391480730223,pescadores
381,gitongwe,chamane,0.0,0.0,0.0,0.0,1.0,1.0,0.0,0.0,0.0,2.0,9.0,0.9127789046653144,pescadores
382,gudua,chamane,0.0,0.0,0.0,1.0,1.0,1.0,0.0,0.0,0.0,3.0,15.0,1.5212981744421907,pescadores
383,guikhokoroma,chamane,0.0,0.0,0.0,0.0,0.0,0.0,0.0,1.0,0.0,1.0,2.0,0.2028397565922921,pescadores
384,honho,chamane,0.0,0.0,1.0,1.0,1.0,0.0,0.0,0.0,0.0,3.0,18.0,1.8255578093306288,pescadores
385,kuku,chamane,0.0,0.0,0.0,0.0,0.0,0.0,3.0,0.0,0.0,3.0,9.0,0.9127789046653144,pescadores
386,makolo,chamane,0.0,0.0,0.0,0.0,0.0,0.0,1.0,0.0,0.0,1.0,3.0,0.3042596348884381,pescadores
387,mapalo,chamane,0.0,0.0,1.0,0.0,1.0,0.0,0.0,0.0,0.0,2.0,12.0,1.2170385395537524,pescadores
388,masaba,chamane,1.0,0.0,0.0,0.0,1.0,0.0,0.0,0.0,0.0,2.0,14.0,1.4198782961460445,pescadores
389,matewo,chamane,0.0,0.0,0.0,0.0,0.0,1.0,0.0,0.0,0.0,1.0,4.0,0.4056795131845842,pescadores
390,mavandzi,chamane,2.0,2.0,2.0,0.0,0.0,1.0,0.0,1.0,0.0,8.0,54.0,5.476673427991886,pescadores
391,mavionho,chamane,6.0,8.0,3.0,1.0,1.0,0.0,0.0,1.0,0.0,20.0,152.0,15.415821501014198,pescadores
392,mbabe,chamane,0.0,0.0,0.0,0.0,0.0,1.0,0.0,1.0,0.0,2.0,6.0,0.6085192697768762,pescadores
393,mifiti,chamane,0.0,0.0,0.0,0.0,0.0,1.0,0.0,0.0,0.0,1.0,4.0,0.4056795131845842,pescadores
394,mihili,chamane,4.0,5.0,2.0,3.0,0.0,2.0,1.0,1.0,0.0,18.0,121.0,12.271805273833673,pescadores
395,mwahaha,chamane,0.0,1.0,0.0,0.0,0.0,0.0,0.0,0.0,0.0,1.0,8.0,0.8113590263691683,pescadores
396,nhamuele,chamane,0.0,0.0,0.0,0.0,0.0,0.0,1.0,0.0,0.0,1.0,3.0,0.3042596348884381,pescadores
397,nharongue,chamane,2.0,0.0,2.0,1.0,1.0,1.0,0.0,0.0,0.0,7.0,47.0,4.766734279918864,pescadores
398,nhasastani,chamane,0.0,0.0,0.0,0.0,0.0,0.0,0.0,0.0,1.0,1.0,1.0,0.10141987829614604,pescadores
399,nvuma,chamane,0.0,0.0,0.0,0.0,0.0,0.0,0.0,1.0,0.0,1.0,2.0,0.2028397565922921,pescadores
400,salani,chamane,10.0,6.0,2.0,3.0,1.0,0.0,0.0,0.0,0.0,22.0,175.0,17.748478701825558,pescadores
401,sardinha,chamane,0.0,0.0,0.0,0.0,2.0,0.0,0.0,1.0,0.0,3.0,12.0,1.2170385395537524,pescadores
402,sigulula,chamane,0.0,0.0,5.0,2.0,1.0,0.0,0.0,1.0,0.0,9.0,54.0,5.476673427991886,pescadores
403,tendre,chamane,0.0,0.0,0.0,0.0,0.0,1.0,4.0,0.0,2.0,7.0,18.0,1.8255578093306288,pescadores
404,togoma,chamane,0.0,0.0,0.0,1.0,0.0,0.0,0.0,0.0,0.0,1.0,6.0,0.6085192697768762,pescadores
405,tsanga,chamane,0.0,0.0,0.0,0.0,0.0,0.0,2.0,0.0,1.0,3.0,7.0,0.7099391480730223,pescadores
406,tsogola,chamane,0.0,0.0,0.0,2.0,0.0,1.0,0.0,0.0,0.0,3.0,16.0,1.6227180527383367,pescadores
407,tsongua,chamane,0.0,0.0,0.0,0.0,0.0,0.0,1.0,0.0,0.0,1.0,3.0,0.3042596348884381,pescadores
408,xereua,chamane,0.0,2.0,1.0,0.0,3.0,2.0,1.0,0.0,0.0,9.0,49.0,4.9695740365111565,pescadores
409,dzindrolo,marrambone,1.0,2.0,0.0,0.0,0.0,0.0,0.0,0.0,0.0,3.0,25.0,7.987220447284344,pescadores
410,dzipata,marrambone,0.0,0.0,0.0,0.0,0.0,1.0,0.0,0.0,0.0,1.0,4.0,1.2779552715654952,pescadores
411,gitongwe,marrambone,0.0,0.0,2.0,0.0,0.0,1.0,0.0,0.0,0.0,3.0,18.0,5.7507987220447285,pescadores
412,gudua,marrambone,0.0,0.0,0.0,0.0,0.0,0.0,1.0,0.0,0.0,1.0,3.0,0.9584664536741214,pescadores
413,honho,marrambone,0.0,0.0,0.0,0.0,0.0,0.0,0.0,1.0,0.0,1.0,2.0,0.6389776357827476,pescadores
414,mavandzi,marrambone,1.0,0.0,1.0,1.0,0.0,0.0,0.0,0.0,0.0,3.0,22.0,7.0287539936102235,pescadores
415,mavionho,marrambone,1.0,0.0,2.0,2.0,0.0,0.0,0.0,0.0,0.0,5.0,35.0,11.182108626198083,pescadores
416,mbabe,marrambone,0.0,1.0,1.0,1.0,1.0,0.0,0.0,0.0,0.0,4.0,26.0,8.30670926517572,pescadores
417,mihili,marrambone,3.0,1.0,1.0,0.0,0.0,0.0,1.0,0.0,0.0,6.0,45.0,14.376996805111823,pescadores
418,ngi,marrambone,0.0,0.0,0.0,1.0,0.0,1.0,0.0,0.0,0.0,2.0,10.0,3.1948881789137378,pescadores
419,nhabugue,marrambone,2.0,1.0,0.0,0.0,0.0,0.0,1.0,0.0,0.0,4.0,29.0,9.26517571884984,pescadores
420,nharongue,marrambone,0.0,0.0,0.0,0.0,0.0,1.0,0.0,0.0,0.0,1.0,4.0,1.2779552715654952,pescadores
421,salani,marrambone,1.0,1.0,0.0,1.0,0.0,0.0,0.0,0.0,0.0,3.0,23.0,7.348242811501597,pescadores
422,sigulula,marrambone,0.0,2.0,0.0,1.0,2.0,0.0,0.0,0.0,0.0,5.0,32.0,10.223642172523961,pescadores
423,sololo,marrambone,0.0,0.0,0.0,0.0,1.0,0.0,0.0,0.0,0.0,1.0,5.0,1.5974440894568689,pescadores
424,tsongua,marrambone,0.0,0.0,1.0,3.0,1.0,0.0,0.0,0.0,0.0,5.0,30.0,9.584664536741213,pescadores
425,dzindrolo,nhampossa,0.0,0.0,1.0,1.0,0.0,1.0,0.0,0.0,0.0,3.0,17.0,8.900523560209423,pescadores
426,dzipata,nhampossa,0.0,0.0,1.0,0.0,1.0,0.0,0.0,0.0,0.0,2.0,12.0,6.282722513089005,pescadores
427,gihologo,nhampossa,0.0,0.0,0.0,0.0,1.0,0.0,0.0,1.0,0.0,2.0,7.0,3.664921465968586,pescadores
428,gitongwe,nhampossa,1.0,0.0,0.0,0.0,0.0,0.0,0.0,0.0,0.0,1.0,9.0,4.712041884816754,pescadores
429,gudua,nhampossa,1.0,0.0,0.0,0.0,0.0,0.0,0.0,0.0,0.0,1.0,9.0,4.712041884816754,pescadores
430,honho,nhampossa,0.0,0.0,1.0,0.0,0.0,0.0,0.0,0.0,0.0,1.0,7.0,3.664921465968586,pescadores
431,masaba,nhampossa,0.0,0.0,0.0,0.0,0.0,0.0,1.0,0.0,0.0,1.0,3.0,1.5706806282722512,pescadores
432,mavandzi,nhampossa,1.0,0.0,0.0,0.0,0.0,0.0,0.0,0.0,0.0,1.0,9.0,4.712041884816754,pescadores
433,mavionho,nhampossa,0.0,0.0,1.0,0.0,0.0,0.0,0.0,0.0,0.0,1.0,7.0,3.664921465968586,pescadores
434,mbabe,nhampossa,0.0,1.0,0.0,1.0,0.0,0.0,0.0,0.0,0.0,2.0,14.0,7.329842931937172,pescadores
435,mihili,nhampossa,0.0,1.0,0.0,0.0,1.0,0.0,0.0,0.0,0.0,2.0,13.0,6.806282722513089,pescadores
436,nhabugue,nhampossa,0.0,1.0,0.0,0.0,0.0,0.0,0.0,0.0,0.0,1.0,8.0,4.18848167539267,pescadores
437,nharongue,nhampossa,2.0,1.0,0.0,0.0,0.0,0.0,0.0,0.0,0.0,3.0,26.0,13.612565445026178,pescadores
438,salani,nhampossa,0.0,0.0,0.0,1.0,0.0,0.0,0.0,0.0,0.0,1.0,6.0,3.1413612565445024,pescadores
439,sigulula,nhampossa,0.0,1.0,0.0,1.0,1.0,0.0,0.0,0.0,0.0,3.0,19.0,9.947643979057592,pescadores
440,tendre,nhampossa,0.0,0.0,0.0,1.0,0.0,0.0,0.0,0.0,0.0,1.0,6.0,3.1413612565445024,pescadores
441,tsongua,nhampossa,0.0,0.0,1.0,0.0,0.0,0.0,0.0,0.0,0.0,1.0,7.0,3.664921465968586,pescadores
442,xereua,nhampossa,0.0,1.0,0.0,0.0,0.0,1.0,0.0,0.0,0.0,2.0,12.0,6.282722513089005,pescadores
443,dzindrolo,sahane,0.0,0.0,0.0,1.0,0.0,0.0,0.0,0.0,1.0,2.0,7.0,4.3478260869565215,pescadores
444,dzipata,sahane,0.0,1.0,0.0,0.0,1.0,0.0,0.0,0.0,0.0,2.0,13.0,8.074534161490684,pescadores
445,gihologo,sahane,0.0,0.0,1.0,0.0,0.0,0.0,0.0,1.0,0.0,2.0,9.0,5.590062111801243,pescadores
446,gitongwe,sahane,0.0,0.0,1.0,0.0,0.0,0.0,0.0,0.0,0.0,1.0,7.0,4.3478260869565215,pescadores
447,gudua,sahane,0.0,0.0,0.0,0.0,0.0,1.0,0.0,0.0,0.0,1.0,4.0,2.484472049689441,pescadores
448,honho,sahane,0.0,0.0,0.0,0.0,1.0,0.0,0.0,0.0,0.0,1.0,5.0,3.1055900621118013,pescadores
449,kolokolo,sahane,1.0,0.0,0.0,0.0,0.0,0.0,0.0,0.0,0.0,1.0,9.0,5.590062111801243,pescadores
450,masaba,sahane,0.0,0.0,0.0,0.0,0.0,0.0,1.0,0.0,0.0,1.0,3.0,1.8633540372670807,pescadores
451,mavionho,sahane,0.0,0.0,0.0,1.0,0.0,0.0,0.0,0.0,0.0,1.0,6.0,3.7267080745341614,pescadores
452,mbabe,sahane,0.0,0.0,1.0,0.0,0.0,0.0,0.0,0.0,0.0,1.0,7.0,4.3478260869565215,pescadores
453,mihili,sahane,3.0,0.0,0.0,0.0,0.0,0.0,0.0,0.0,0.0,3.0,27.0,16.77018633540373,pescadores
454,nhabugue,sahane,1.0,0.0,0.0,0.0,0.0,0.0,0.0,0.0,0.0,1.0,9.0,5.590062111801243,pescadores
455,nharongue,sahane,0.0,1.0,0.0,0.0,0.0,0.0,0.0,0.0,0.0,1.0,8.0,4.968944099378882,pescadores
456,sigulula,sahane,0.0,1.0,0.0,1.0,0.0,0.0,0.0,0.0,0.0,2.0,14.0,8.695652173913043,pescadores
457,sololo,sahane,0.0,0.0,0.0,0.0,0.0,1.0,0.0,0.0,0.0,1.0,4.0,2.484472049689441,pescadores
458,tendre,sahane,0.0,1.0,0.0,0.0,0.0,0.0,0.0,0.0,0.0,1.0,8.0,4.968944099378882,pescadores
459,tsongua,sahane,0.0,1.0,1.0,0.0,0.0,0.0,0.0,0.0,0.0,2.0,15.0,9.316770186335404,pescadores
460,xereua,sahane,0.0,0.0,0.0,1.0,0.0,0.0,0.0,0.0,0.0,1.0,6.0,3.7267080745341614,pescadores
461,dzipata,muele,0.0,0.0,0.0,0.0,0.0,0.0,1.0,0.0,0.0,1.0,3.0,7.142857142857142,pescadores
462,mavionho,muele,0.0,0.0,0.0,0.0,1.0,0.0,0.0,0.0,0.0,1.0,5.0,11.904761904761903,pescadores
463,mbabe,muele,0.0,0.0,0.0,0.0,0.0,1.0,0.0,0.0,0.0,1.0,4.0,9.523809523809524,pescadores
464,mihili,muele,0.0,0.0,1.0,0.0,0.0,0.0,0.0,0.0,0.0,1.0,7.0,16.666666666666664,pescadores
465,salani,muele,1.0,0.0,0.0,0.0,0.0,0.0,0.0,0.0,0.0,1.0,9.0,21.428571428571427,pescadores
466,tsongua,muele,0.0,0.0,0.0,1.0,0.0,0.0,0.0,0.0,0.0,1.0,6.0,14.285714285714285,pescadores
467,xereua,muele,0.0,1.0,0.0,0.0,0.0,0.0,0.0,0.0,0.0,1.0,8.0,19.047619047619047,pescadores
468,49,baia,0.0,0.0,0.0,1.0,0.0,0.0,0.0,0.0,0.0,1.0,6.0,0.07530120481927711,pescadores
469,carapo,baia,7.0,8.0,7.0,11.0,2.0,5.0,3.0,1.0,0.0,44.0,283.0,3.5517068273092365,pescadores
470,dzindrolo,baia,10.0,10.0,7.0,24.0,18.0,8.0,10.0,5.0,6.0,98.0,531.0,6.664156626506024,pescadores
471,dzipata,baia,0.0,6.0,16.0,14.0,18.0,8.0,11.0,13.0,11.0,97.0,436.0,5.471887550200803,pescadores
472,gidagianha,baia,0.0,0.0,0.0,1.0,0.0,0.0,0.0,0.0,0.0,1.0,6.0,0.07530120481927711,pescadores
473,gidzuani,baia,0.0,0.0,0.0,1.0,0.0,0.0,1.0,0.0,0.0,2.0,9.0,0.11295180722891565,pescadores
474,gihologo,baia,4.0,8.0,24.0,4.0,4.0,4.0,0.0,4.0,0.0,52.0,336.0,4.216867469879518,pescadores
475,gingave,baia,0.0,0.0,0.0,2.0,0.0,0.0,0.0,0.0,2.0,4.0,14.0,0.1757028112449799,pescadores
476,gitongwe,baia,4.0,2.0,6.0,4.0,2.0,3.0,1.0,1.0,1.0,24.0,146.0,1.8323293172690762,pescadores
477,gudua,baia,7.0,9.0,5.0,6.0,2.0,6.0,2.0,0.0,0.0,37.0,246.0,3.087349397590361,pescadores
478,guikhokoroma,baia,0.0,0.0,1.0,0.0,0.0,0.0,0.0,1.0,0.0,2.0,9.0,0.11295180722891565,pescadores
479,honho,baia,9.0,8.0,6.0,4.0,4.0,1.0,2.0,2.0,1.0,37.0,246.0,3.087349397590361,pescadores
480,kolokolo,baia,1.0,1.0,0.0,2.0,2.0,0.0,0.0,1.0,0.0,7.0,41.0,0.5145582329317269,pescadores
481,korea,baia,0.0,2.0,1.0,2.0,2.0,1.0,0.0,0.0,0.0,8.0,49.0,0.6149598393574297,pescadores
482,kuku,baia,1.0,0.0,1.0,1.0,1.0,1.0,4.0,0.0,0.0,9.0,43.0,0.5396586345381527,pescadores
483,lidume,baia,0.0,2.0,1.0,0.0,1.0,0.0,0.0,0.0,0.0,4.0,28.0,0.3514056224899598,pescadores
484,likerere,baia,0.0,0.0,0.0,1.0,2.0,1.0,0.0,1.0,0.0,5.0,22.0,0.2761044176706827,pescadores
485,livandrevandre,baia,0.0,0.0,0.0,0.0,0.0,0.0,0.0,1.0,0.0,1.0,2.0,0.0251004016064257,pescadores
486,magumba,baia,0.0,1.0,3.0,1.0,3.0,4.0,5.0,1.0,1.0,19.0,84.0,1.0542168674698795,pescadores
487,mahoma,baia,0.0,0.0,0.0,0.0,1.0,0.0,0.0,0.0,1.0,2.0,6.0,0.07530120481927711,pescadores
488,makolo,baia,0.0,1.0,0.0,0.0,0.0,0.0,1.0,1.0,0.0,3.0,13.0,0.16315261044176707,pescadores
489,mapalo,baia,0.0,1.0,1.0,0.0,1.0,0.0,1.0,0.0,1.0,5.0,24.0,0.30120481927710846,pescadores
490,marengue,baia,0.0,0.0,0.0,0.0,0.0,0.0,0.0,0.0,1.0,1.0,1.0,0.01255020080321285,pescadores
491,masaba,baia,29.0,20.0,2.0,5.0,3.0,1.0,3.0,0.0,0.0,63.0,493.0,6.187248995983936,pescadores
492,matewo,baia,1.0,0.0,0.0,1.0,0.0,2.0,0.0,0.0,0.0,4.0,23.0,0.28865461847389556,pescadores
493,mavandzi,baia,69.0,38.0,7.0,8.0,2.0,5.0,3.0,1.0,1.0,134.0,1064.0,13.353413654618473,pescadores
494,mavionho,baia,11.0,22.0,20.0,13.0,8.0,5.0,3.0,2.0,2.0,86.0,568.0,7.128514056224899,pescadores
495,mbabe,baia,1.0,3.0,5.0,6.0,3.0,6.0,2.0,3.0,0.0,29.0,155.0,1.945281124497992,pescadores
496,mifiti,baia,1.0,1.0,2.0,2.0,6.0,4.0,1.0,2.0,1.0,20.0,97.0,1.2173694779116466,pescadores
497,mihili,baia,30.0,18.0,21.0,19.0,10.0,7.0,3.0,3.0,0.0,111.0,768.0,9.63855421686747,pescadores
498,mitifa,baia,0.0,0.0,0.0,1.0,4.0,0.0,0.0,0.0,0.0,5.0,26.0,0.32630522088353414,pescadores
499,mwahaha,baia,0.0,1.0,0.0,0.0,0.0,0.0,0.0,0.0,0.0,1.0,8.0,0.1004016064257028,pescadores
500,nani,baia,0.0,0.0,0.0,1.0,1.0,0.0,1.0,0.0,0.0,3.0,14.0,0.1757028112449799,pescadores
501,ngee,baia,1.0,0.0,0.0,0.0,0.0,0.0,0.0,0.0,0.0,1.0,9.0,0.11295180722891565,pescadores
502,ngi,baia,0.0,0.0,0.0,1.0,0.0,1.0,0.0,0.0,0.0,2.0,10.0,0.12550200803212852,pescadores
503,nhabugue,baia,4.0,3.0,3.0,0.0,0.0,2.0,2.0,2.0,2.0,18.0,101.0,1.267570281124498,pescadores
504,nhakomani,baia,0.0,1.0,3.0,7.0,1.0,0.0,3.0,1.0,0.0,16.0,87.0,1.091867469879518,pescadores
505,nhamuele,baia,0.0,0.0,0.0,0.0,0.0,0.0,2.0,0.0,0.0,2.0,6.0,0.07530120481927711,pescadores
506,nhamunhe,baia,0.0,0.0,0.0,0.0,0.0,0.0,1.0,1.0,1.0,3.0,6.0,0.07530120481927711,pescadores
507,nhanguedwa,baia,0.0,0.0,0.0,0.0,1.0,0.0,0.0,0.0,0.0,1.0,5.0,0.06275100401606426,pescadores
508,nharongue,baia,4.0,7.0,8.0,9.0,3.0,3.0,1.0,0.0,0.0,35.0,232.0,2.9116465863453818,pescadores
509,nhasastani,baia,0.0,0.0,0.0,0.0,0.0,0.0,0.0,1.0,1.0,2.0,3.0,0.03765060240963856,pescadores
510,nhatogue,baia,0.0,0.0,0.0,0.0,0.0,0.0,1.0,0.0,0.0,1.0,3.0,0.03765060240963856,pescadores
511,nvuma,baia,0.0,0.0,0.0,0.0,0.0,0.0,0.0,1.0,0.0,1.0,2.0,0.0251004016064257,pescadores
512,salani,baia,15.0,15.0,12.0,13.0,6.0,11.0,1.0,0.0,3.0,76.0,497.0,6.237449799196787,pescadores
513,sardinha,baia,1.0,2.0,0.0,1.0,5.0,1.0,2.0,2.0,0.0,14.0,70.0,0.8785140562248996,pescadores
514,sigulula,baia,2.0,10.0,13.0,15.0,8.0,2.0,6.0,3.0,0.0,59.0,351.0,4.405120481927711,pescadores
515,sikwalala,baia,0.0,0.0,0.0,0.0,0.0,0.0,0.0,1.0,2.0,3.0,4.0,0.0502008032128514,pescadores
516,simbatsani,baia,0.0,0.0,0.0,0.0,0.0,0.0,0.0,0.0,1.0,1.0,1.0,0.01255020080321285,pescadores
517,sololo,baia,0.0,1.0,0.0,1.0,1.0,1.0,2.0,0.0,0.0,6.0,29.0,0.3639558232931727,pescadores
518,tendre,baia,0.0,3.0,4.0,6.0,3.0,3.0,5.0,2.0,4.0,30.0,138.0,1.7319277108433735,pescadores
519,togoma,baia,0.0,0.0,0.0,2.0,0.0,0.0,0.0,1.0,0.0,3.0,14.0,0.1757028112449799,pescadores
520,tsakanhani,baia,1.0,3.0,2.0,0.0,0.0,0.0,3.0,1.0,0.0,10.0,58.0,0.7279116465863454,pescadores
521,tsanga,baia,0.0,0.0,0.0,0.0,0.0,0.0,2.0,0.0,1.0,3.0,7.0,0.08785140562248996,pescadores
522,tsava,baia,2.0,5.0,6.0,9.0,4.0,2.0,2.0,1.0,1.0,32.0,191.0,2.3970883534136544,pescadores
523,tsogola,baia,0.0,0.0,1.0,3.0,0.0,1.0,0.0,0.0,0.0,5.0,29.0,0.3639558232931727,pescadores
524,tsongua,baia,1.0,2.0,4.0,8.0,4.0,5.0,2.0,0.0,3.0,29.0,150.0,1.8825301204819278,pescadores
525,xereua,baia,1.0,5.0,4.0,6.0,5.0,5.0,2.0,2.0,0.0,30.0,168.0,2.108433734939759,pescadores
